Date_ymd, Time_Absolute_hms, Time_Relative_hms, Time_Relative_s, Time_Lag_s, Duration_s, Observation_Name, Log_File_Name, Actor, Behavior, Receiver, Modifier_1, Modifier_2, Modifier_3, Modifier_4, Modifier_5, Modifier_6, Other_Modifiers, Event_Type, Observer_ID
5/14/2017, 09:48:59, 00:00:00,0,0.3,1.834," ""FocalAnimal_M-An An"""," ""LogFocalAnimal_M-An An 20170514_094859.csv"""," ""M-An An"""," ""1-APremating""",,,,,,,,, State start,23
5/14/2017, 09:49:01, 00:00:01,1.834,0,0," ""FocalAnimal_M-An An"""," ""LogFocalAnimal_M-An An 20170514_094859.csv"""," ""M-An An"""," ""1-APremating""",,,,,,,,, State stop,23
5/14/2017, 09:49:01, 00:00:01,1.834,3.217,108.342," ""FocalAnimal_M-An An"""," ""LogFocalAnimal_M-An An 20170514_094859.csv"""," ""M-An An"""," ""Locomote"""," ""M-Wu Gang""",,,,,,,, State start,23
5/14/2017, 09:49:11, 00:00:12,12.184,2.2,97.992," ""FocalAnimal_M-An An"""," ""LogFocalAnimal_M-An An 20170514_094859.csv"""," ""M-An An"""," ""Show interest"""," ""M-Wu Gang""",,,,,,,, State start,23
5/14/2017, 09:49:25, 00:00:26,26.086,1.35,0," ""FocalAnimal_M-An An"""," ""LogFocalAnimal_M-An An 20170514_094859.csv"""," ""M-An An"""," ""Flehmen"""," ""M-Wu Gang""",,,,,,,, Point,23
5/14/2017, 09:49:29, 00:00:29,29.97,1.733,0," ""FocalAnimal_M-An An"""," ""LogFocalAnimal_M-An An 20170514_094859.csv"""," ""M-An An"""," ""Flehmen"""," ""M-Wu Gang""",,,,,,,, Point,23
5/14/2017, 09:49:37, 00:00:38,38.32,1.767,0," ""FocalAnimal_M-An An"""," ""LogFocalAnimal_M-An An 20170514_094859.csv"""," ""M-An An"""," ""Lick"""," ""M-Wu Gang""",,,,,,,, Point,23
5/14/2017, 09:49:42, 00:00:43,43.27,2.25,66.906," ""FocalAnimal_M-An An"""," ""LogFocalAnimal_M-An An 20170514_094859.csv"""," ""M-An An"""," ""Olfactory investigate"""," ""M-Wu Gang""",,,,,,,, State start,23
5/14/2017, 09:49:51, 00:00:52,52.421,1.95,0," ""FocalAnimal_M-An An"""," ""LogFocalAnimal_M-An An 20170514_094859.csv"""," ""M-An An"""," ""Flehmen"""," ""M-Wu Gang""",,,,,,,, Point,23
5/14/2017, 09:50:02, 00:01:03,63.272,1.05,0," ""FocalAnimal_M-An An"""," ""LogFocalAnimal_M-An An 20170514_094859.csv"""," ""M-An An"""," ""Lick"""," ""M-Wu Gang""",,,,,,,, Point,23
5/14/2017, 09:50:15, 00:01:16,76.489,1.9,0," ""FocalAnimal_M-An An"""," ""LogFocalAnimal_M-An An 20170514_094859.csv"""," ""M-An An"""," ""Lick"""," ""M-Wu Gang""",,,,,,,, Point,23
5/14/2017, 09:50:44, 00:01:45,105.059,1.416,0," ""FocalAnimal_M-An An"""," ""LogFocalAnimal_M-An An 20170514_094859.csv"""," ""M-An An"""," ""Flehmen"""," ""M-Wu Gang""",,,,,,,, Point,23
5/14/2017, 09:50:49, 00:01:50,110.176,0,0," ""FocalAnimal_M-An An"""," ""LogFocalAnimal_M-An An 20170514_094859.csv"""," ""M-An An"""," ""Locomote"""," ""M-Wu Gang""",,,,,,,, State stop,23
5/14/2017, 09:50:49, 00:01:50,110.176,0,0," ""FocalAnimal_M-An An"""," ""LogFocalAnimal_M-An An 20170514_094859.csv"""," ""M-An An"""," ""Show interest"""," ""M-Wu Gang""",,,,,,,, State stop,23
5/14/2017, 09:50:49, 00:01:50,110.176,0,0," ""FocalAnimal_M-An An"""," ""LogFocalAnimal_M-An An 20170514_094859.csv"""," ""M-An An"""," ""Olfactory investigate"""," ""M-Wu Gang""",,,,,,,, State stop,23
5/14/2017, 09:50:49, 00:01:50,110.176,1.2,77.741," ""FocalAnimal_M-An An"""," ""LogFocalAnimal_M-An An 20170514_094859.csv"""," ""M-An An"""," ""Locomote"""," ""M-Wu Gang""",,,,,,,, State start,23
5/14/2017, 09:50:52, 00:01:52,112.976,8.184,74.941," ""FocalAnimal_M-An An"""," ""LogFocalAnimal_M-An An 20170514_094859.csv"""," ""M-An An"""," ""Olfactory investigate"""," ""M-Wu Gang""",,,,,,,, State start,23
5/14/2017, 09:51:03, 00:02:04,124.144,1.783,0," ""FocalAnimal_M-An An"""," ""LogFocalAnimal_M-An An 20170514_094859.csv"""," ""M-An An"""," ""Flehmen"""," ""M-Wu Gang""",,,,,,,, Point,23
5/14/2017, 09:51:08, 00:02:08,128.927,1.267,0," ""FocalAnimal_M-An An"""," ""LogFocalAnimal_M-An An 20170514_094859.csv"""," ""M-An An"""," ""Lick"""," ""M-Wu Gang""",,,,,,,, Point,23
5/14/2017, 09:51:17, 00:02:18,138.162,1.9,0," ""FocalAnimal_M-An An"""," ""LogFocalAnimal_M-An An 20170514_094859.csv"""," ""M-An An"""," ""Flehmen"""," ""M-Wu Gang""",,,,,,,, Point,23
5/14/2017, 09:51:23, 00:02:24,144.345,4.668,0," ""FocalAnimal_M-An An"""," ""LogFocalAnimal_M-An An 20170514_094859.csv"""," ""M-An An"""," ""Flehmen"""," ""M-Wu Gang""",,,,,,,, Point,23
5/14/2017, 09:51:31, 00:02:31,151.763,12.201,0," ""FocalAnimal_M-An An"""," ""LogFocalAnimal_M-An An 20170514_094859.csv"""," ""M-An An"""," ""Flehmen"""," ""M-Wu Gang""",,,,,,,, Point,23
5/14/2017, 09:51:52, 00:02:53,173.248,0.916,0," ""FocalAnimal_M-An An"""," ""LogFocalAnimal_M-An An 20170514_094859.csv"""," ""M-An An"""," ""Lick"""," ""M-Wu Gang""",,,,,,,, Point,23
5/14/2017, 09:52:07, 00:03:07,187.917,0,0," ""FocalAnimal_M-An An"""," ""LogFocalAnimal_M-An An 20170514_094859.csv"""," ""M-An An"""," ""Locomote"""," ""M-Wu Gang""",,,,,,,, State stop,23
5/14/2017, 09:52:07, 00:03:07,187.917,0,0," ""FocalAnimal_M-An An"""," ""LogFocalAnimal_M-An An 20170514_094859.csv"""," ""M-An An"""," ""Olfactory investigate"""," ""M-Wu Gang""",,,,,,,, State stop,23
5/14/2017, 09:52:07, 00:03:07,187.917,5.15,20.15," ""FocalAnimal_M-An An"""," ""LogFocalAnimal_M-An An 20170514_094859.csv"""," ""M-An An"""," ""Locomote"""," ""M-Wu Gang""",,,,,,,, State start,23
5/14/2017, 09:52:14, 00:03:14,194.867,2.5,13.2," ""FocalAnimal_M-An An"""," ""LogFocalAnimal_M-An An 20170514_094859.csv"""," ""M-An An"""," ""Olfactory investigate"""," ""M-Wu Gang""",,,,,,,, State start,23
5/14/2017, 09:52:23, 00:03:23,203.817,1.316,0," ""FocalAnimal_M-An An"""," ""LogFocalAnimal_M-An An 20170514_094859.csv"""," ""M-An An"""," ""Lick"""," ""M-Wu Gang""",,,,,,,, Point,23
5/14/2017, 09:52:27, 00:03:28,208.067,0,0," ""FocalAnimal_M-An An"""," ""LogFocalAnimal_M-An An 20170514_094859.csv"""," ""M-An An"""," ""Locomote"""," ""M-Wu Gang""",,,,,,,, State stop,23
5/14/2017, 09:52:27, 00:03:28,208.067,0,0," ""FocalAnimal_M-An An"""," ""LogFocalAnimal_M-An An 20170514_094859.csv"""," ""M-An An"""," ""Olfactory investigate"""," ""M-Wu Gang""",,,,,,,, State stop,23
5/14/2017, 09:52:27, 00:03:28,208.067,1.417,51.071," ""FocalAnimal_M-An An"""," ""LogFocalAnimal_M-An An 20170514_094859.csv"""," ""M-An An"""," ""Locomote"""," ""M-Wu Gang""",,,,,,,, State start,23
5/14/2017, 09:52:51, 00:03:51,231.869,1.1,27.269," ""FocalAnimal_M-An An"""," ""LogFocalAnimal_M-An An 20170514_094859.csv"""," ""M-An An"""," ""Olfactory investigate"""," ""M-Wu Gang""",,,,,,,, State start,23
5/14/2017, 09:53:18, 00:04:19,259.138,0,0," ""FocalAnimal_M-An An"""," ""LogFocalAnimal_M-An An 20170514_094859.csv"""," ""M-An An"""," ""Locomote"""," ""M-Wu Gang""",,,,,,,, State stop,23
5/14/2017, 09:53:18, 00:04:19,259.138,0,0," ""FocalAnimal_M-An An"""," ""LogFocalAnimal_M-An An 20170514_094859.csv"""," ""M-An An"""," ""Olfactory investigate"""," ""M-Wu Gang""",,,,,,,, State stop,23
5/14/2017, 09:53:18, 00:04:19,259.138,1.15,111.91," ""FocalAnimal_M-An An"""," ""LogFocalAnimal_M-An An 20170514_094859.csv"""," ""M-An An"""," ""Locomote"""," ""M-Wu Gang""",,,,,,,, State start,23
5/14/2017, 09:53:28, 00:04:28,268.806,1.617,102.242," ""FocalAnimal_M-An An"""," ""LogFocalAnimal_M-An An 20170514_094859.csv"""," ""M-An An"""," ""Olfactory investigate"""," ""M-Wu Gang""",,,,,,,, State start,23
5/14/2017, 09:53:45, 00:04:46,286.008,1.05,0," ""FocalAnimal_M-An An"""," ""LogFocalAnimal_M-An An 20170514_094859.csv"""," ""M-An An"""," ""Lick"""," ""M-Wu Gang""",,,,,,,, Point,23
5/14/2017, 09:53:51, 00:04:52,292.374,1.284,0," ""FocalAnimal_M-An An"""," ""LogFocalAnimal_M-An An 20170514_094859.csv"""," ""M-An An"""," ""Lick"""," ""M-Wu Gang""",,,,,,,, Point,23
5/14/2017, 09:54:23, 00:05:24,324.127,1.551,0," ""FocalAnimal_M-An An"""," ""LogFocalAnimal_M-An An 20170514_094859.csv"""," ""M-An An"""," ""Lick"""," ""M-Wu Gang""",,,,,,,, Point,23
5/14/2017, 09:54:42, 00:05:43,343.379,2.083,0," ""FocalAnimal_M-An An"""," ""LogFocalAnimal_M-An An 20170514_094859.csv"""," ""M-An An"""," ""Flehmen"""," ""M-Wu Gang""",,,,,,,, Point,23
5/14/2017, 09:54:59, 00:05:59,359.814,10.018,0," ""FocalAnimal_M-An An"""," ""LogFocalAnimal_M-An An 20170514_094859.csv"""," ""M-An An"""," ""Reverse mark"""," ""M-Wu Gang""",,,,,,,, Point,23
5/14/2017, 09:55:10, 00:06:11,371.048,0,0," ""FocalAnimal_M-An An"""," ""LogFocalAnimal_M-An An 20170514_094859.csv"""," ""M-An An"""," ""Locomote"""," ""M-Wu Gang""",,,,,,,, State stop,23
5/14/2017, 09:55:10, 00:06:11,371.048,0,0," ""FocalAnimal_M-An An"""," ""LogFocalAnimal_M-An An 20170514_094859.csv"""," ""M-An An"""," ""Olfactory investigate"""," ""M-Wu Gang""",,,,,,,, State stop,23
5/14/2017, 09:55:10, 00:06:11,371.048,31.936,65.422," ""FocalAnimal_M-An An"""," ""LogFocalAnimal_M-An An 20170514_094859.csv"""," ""M-An An"""," ""Locomote"""," ""0-Nondirected""",,,,,,,, State start,23
5/14/2017, 09:55:45, 00:06:46,406.218,1.15,30.253," ""FocalAnimal_M-An An"""," ""LogFocalAnimal_M-An An 20170514_094859.csv"""," ""M-An An"""," ""Olfactory investigate"""," ""0-Nondirected""",,,,,,,, State start,23
5/14/2017, 09:56:00, 00:07:01,421.219,1.333,0," ""FocalAnimal_M-An An"""," ""LogFocalAnimal_M-An An 20170514_094859.csv"""," ""M-An An"""," ""Squat mark"""," ""0-Nondirected""",,,,,,,, Point,23
5/14/2017, 09:56:15, 00:07:16,436.471,0,0," ""FocalAnimal_M-An An"""," ""LogFocalAnimal_M-An An 20170514_094859.csv"""," ""M-An An"""," ""Locomote"""," ""0-Nondirected""",,,,,,,, State stop,23
5/14/2017, 09:56:15, 00:07:16,436.471,0,0," ""FocalAnimal_M-An An"""," ""LogFocalAnimal_M-An An 20170514_094859.csv"""," ""M-An An"""," ""Olfactory investigate"""," ""0-Nondirected""",,,,,,,, State stop,23
5/14/2017, 09:56:15, 00:07:16,436.471,0.85,17.118," ""FocalAnimal_M-An An"""," ""LogFocalAnimal_M-An An 20170514_094859.csv"""," ""M-An An"""," ""Locomote"""," ""0-Nondirected""",,,,,,,, State start,23
5/14/2017, 09:56:33, 00:07:33,453.589,0,0," ""FocalAnimal_M-An An"""," ""LogFocalAnimal_M-An An 20170514_094859.csv"""," ""M-An An"""," ""Locomote"""," ""0-Nondirected""",,,,,,,, State stop,23
5/14/2017, 09:56:33, 00:07:33,453.589,1.483,22.202," ""FocalAnimal_M-An An"""," ""LogFocalAnimal_M-An An 20170514_094859.csv"""," ""M-An An"""," ""Locomote"""," ""M-Wu Gang""",,,,,,,, State start,23
5/14/2017, 09:56:37, 00:07:38,458.106,1.45,17.685," ""FocalAnimal_M-An An"""," ""LogFocalAnimal_M-An An 20170514_094859.csv"""," ""M-An An"""," ""Olfactory investigate"""," ""M-Wu Gang""",,,,,,,, State start,23
5/14/2017, 09:56:45, 00:07:46,466.406,1.4,0," ""FocalAnimal_M-An An"""," ""LogFocalAnimal_M-An An 20170514_094859.csv"""," ""M-An An"""," ""Squat mark"""," ""M-Wu Gang""",,,,,,,, Point,23
5/14/2017, 09:56:55, 00:07:55,475.791,0,0," ""FocalAnimal_M-An An"""," ""LogFocalAnimal_M-An An 20170514_094859.csv"""," ""M-An An"""," ""Locomote"""," ""M-Wu Gang""",,,,,,,, State stop,23
5/14/2017, 09:56:55, 00:07:55,475.791,0,0," ""FocalAnimal_M-An An"""," ""LogFocalAnimal_M-An An 20170514_094859.csv"""," ""M-An An"""," ""Olfactory investigate"""," ""M-Wu Gang""",,,,,,,, State stop,23
5/14/2017, 09:56:55, 00:07:55,475.791,3.566,5.75," ""FocalAnimal_M-An An"""," ""LogFocalAnimal_M-An An 20170514_094859.csv"""," ""M-An An"""," ""Locomote"""," ""M-Wu Gang""",,,,,,,, State start,23
5/14/2017, 09:57:00, 00:08:01,481.541,0,0," ""FocalAnimal_M-An An"""," ""LogFocalAnimal_M-An An 20170514_094859.csv"""," ""M-An An"""," ""Locomote"""," ""M-Wu Gang""",,,,,,,, State stop,23
5/14/2017, 09:57:00, 00:08:01,481.541,1.55,19.835," ""FocalAnimal_M-An An"""," ""LogFocalAnimal_M-An An 20170514_094859.csv"""," ""M-An An"""," ""Locomote"""," ""0-Nondirected""",,,,,,,, State start,23
5/14/2017, 09:57:20, 00:08:21,501.376,0,0," ""FocalAnimal_M-An An"""," ""LogFocalAnimal_M-An An 20170514_094859.csv"""," ""M-An An"""," ""Locomote"""," ""0-Nondirected""",,,,,,,, State stop,23
5/14/2017, 09:57:20, 00:08:21,501.376,1,25.553," ""FocalAnimal_M-An An"""," ""LogFocalAnimal_M-An An 20170514_094859.csv"""," ""M-An An"""," ""Locomote"""," ""0-Humans""",,,,,,,, State start,23
5/14/2017, 09:57:46, 00:08:46,526.928,0,0," ""FocalAnimal_M-An An"""," ""LogFocalAnimal_M-An An 20170514_094859.csv"""," ""M-An An"""," ""Locomote"""," ""0-Humans""",,,,,,,, State stop,23
5/14/2017, 09:57:46, 00:08:46,526.928,10.367,90.35," ""FocalAnimal_M-An An"""," ""LogFocalAnimal_M-An An 20170514_094859.csv"""," ""M-An An"""," ""Locomote"""," ""M-Wu Gang""",,,,,,,, State start,23
5/14/2017, 09:57:57, 00:08:58,538.179,4.667,79.099," ""FocalAnimal_M-An An"""," ""LogFocalAnimal_M-An An 20170514_094859.csv"""," ""M-An An"""," ""Body length <1"""," ""M-Wu Gang""",,,,,,,, State start,23
5/14/2017, 09:58:06, 00:09:06,546.78,1.2,70.499," ""FocalAnimal_M-An An"""," ""LogFocalAnimal_M-An An 20170514_094859.csv"""," ""M-An An"""," ""Olfactory investigate"""," ""M-Wu Gang""",,,,,,,, State start,23
5/14/2017, 09:58:16, 00:09:17,557.347,1.783,59.931," ""FocalAnimal_M-An An"""," ""LogFocalAnimal_M-An An 20170514_094859.csv"""," ""M-An An"""," ""Show interest"""," ""M-Wu Gang""",,,,,,,, State start,23
5/14/2017, 09:58:42, 00:09:42,582.849,1.283,0," ""FocalAnimal_M-An An"""," ""LogFocalAnimal_M-An An 20170514_094859.csv"""," ""M-An An"""," ""Lick"""," ""M-Wu Gang""",,,,,,,, Point,23
5/14/2017, 09:59:11, 00:10:11,611.895,0.466,141.012," ""FocalAnimal_M-An An"""," ""LogFocalAnimal_M-An An 20170514_094859.csv"""," ""M-An An"""," ""1-End state""",,,,,,,,, State start,23
5/14/2017, 09:59:16, 00:10:17,617.279,0,0," ""FocalAnimal_M-An An"""," ""LogFocalAnimal_M-An An 20170514_094859.csv"""," ""M-An An"""," ""Locomote"""," ""M-Wu Gang""",,,,,,,, State stop,23
5/14/2017, 09:59:16, 00:10:17,617.279,0,0," ""FocalAnimal_M-An An"""," ""LogFocalAnimal_M-An An 20170514_094859.csv"""," ""M-An An"""," ""Body length <1"""," ""M-Wu Gang""",,,,,,,, State stop,23
5/14/2017, 09:59:16, 00:10:17,617.279,0,0," ""FocalAnimal_M-An An"""," ""LogFocalAnimal_M-An An 20170514_094859.csv"""," ""M-An An"""," ""Olfactory investigate"""," ""M-Wu Gang""",,,,,,,, State stop,23
5/14/2017, 09:59:16, 00:10:17,617.279,0,0," ""FocalAnimal_M-An An"""," ""LogFocalAnimal_M-An An 20170514_094859.csv"""," ""M-An An"""," ""Show interest"""," ""M-Wu Gang""",,,,,,,, State stop,23
5/14/2017, 09:59:16, 00:10:17,617.279,1.117,52.155," ""FocalAnimal_M-An An"""," ""LogFocalAnimal_M-An An 20170514_094859.csv"""," ""M-An An"""," ""Locomote"""," ""M-Wu Gang""",,,,,,,, State start,23
5/14/2017, 10:00:08, 00:11:09,669.434,0,0," ""FocalAnimal_M-An An"""," ""LogFocalAnimal_M-An An 20170514_094859.csv"""," ""M-An An"""," ""Locomote"""," ""M-Wu Gang""",,,,,,,, State stop,23
5/14/2017, 10:00:08, 00:11:09,669.434,1.399,29.269," ""FocalAnimal_M-An An"""," ""LogFocalAnimal_M-An An 20170514_094859.csv"""," ""M-An An"""," ""Stationary alert"""," ""M-Wu Gang""",,,,,,,, State start,23
5/14/2017, 10:00:38, 00:11:38,698.702,0,0," ""FocalAnimal_M-An An"""," ""LogFocalAnimal_M-An An 20170514_094859.csv"""," ""M-An An"""," ""Stationary alert"""," ""M-Wu Gang""",,,,,,,, State stop,23
5/14/2017, 10:00:38, 00:11:38,698.702,0.966,9.601," ""FocalAnimal_M-An An"""," ""LogFocalAnimal_M-An An 20170514_094859.csv"""," ""M-An An"""," ""Locomote"""," ""M-Wu Gang""",,,,,,,, State start,23
5/14/2017, 10:00:47, 00:11:48,708.303,0,0," ""FocalAnimal_M-An An"""," ""LogFocalAnimal_M-An An 20170514_094859.csv"""," ""M-An An"""," ""Locomote"""," ""M-Wu Gang""",,,,,,,, State stop,23
5/14/2017, 10:00:47, 00:11:48,708.303,2.283,15.401," ""FocalAnimal_M-An An"""," ""LogFocalAnimal_M-An An 20170514_094859.csv"""," ""M-An An"""," ""Defecate"""," ""M-Wu Gang""",,,,,,,, State start,23
5/14/2017, 10:01:03, 00:12:03,723.704,0,0," ""FocalAnimal_M-An An"""," ""LogFocalAnimal_M-An An 20170514_094859.csv"""," ""M-An An"""," ""Defecate"""," ""M-Wu Gang""",,,,,,,, State stop,23
5/14/2017, 10:01:03, 00:12:03,723.704,1.466,29.203," ""FocalAnimal_M-An An"""," ""LogFocalAnimal_M-An An 20170514_094859.csv"""," ""M-An An"""," ""Stationary alert"""," ""M-Wu Gang""",,,,,,,, State start,23
5/14/2017, 10:01:32, 00:12:32,752.907,0,0," ""FocalAnimal_M-An An"""," ""LogFocalAnimal_M-An An 20170514_094859.csv"""," ""M-An An"""," ""1-End state""",,,,,,,,, State stop,23
5/14/2017, 10:01:32, 00:12:32,752.907,0,0," ""FocalAnimal_M-An An"""," ""LogFocalAnimal_M-An An 20170514_094859.csv"""," ""M-An An"""," ""Stationary alert"""," ""M-Wu Gang""",,,,,,,, State stop,23
5/14/2017, 10:01:32, 00:12:32,752.907,2.25,92.891," ""FocalAnimal_M-An An"""," ""LogFocalAnimal_M-An An 20170514_094859.csv"""," ""M-An An"""," ""Resting"""," ""M-Wu Gang""",,,,,,,, State start,23
5/14/2017, 10:03:05, 00:14:05,845.798,0,0," ""FocalAnimal_M-An An"""," ""LogFocalAnimal_M-An An 20170514_094859.csv"""," ""M-An An"""," ""Resting"""," ""M-Wu Gang""",,,,,,,, State stop,23
5/14/2017, 10:03:05, 00:14:05,845.798,1.816,11.151," ""FocalAnimal_M-An An"""," ""LogFocalAnimal_M-An An 20170514_094859.csv"""," ""M-An An"""," ""Stationary alert"""," ""M-Wu Gang""",,,,,,,, State start,23
5/14/2017, 10:03:09, 00:14:10,850.032,0.983,6.917," ""FocalAnimal_M-An An"""," ""LogFocalAnimal_M-An An 20170514_094859.csv"""," ""M-An An"""," ""Olfactory investigate"""," ""M-Wu Gang""",,,,,,,, State start,23
5/14/2017, 10:03:16, 00:14:16,856.949,0,0," ""FocalAnimal_M-An An"""," ""LogFocalAnimal_M-An An 20170514_094859.csv"""," ""M-An An"""," ""Stationary alert"""," ""M-Wu Gang""",,,,,,,, State stop,23
5/14/2017, 10:03:16, 00:14:16,856.949,0,0," ""FocalAnimal_M-An An"""," ""LogFocalAnimal_M-An An 20170514_094859.csv"""," ""M-An An"""," ""Olfactory investigate"""," ""M-Wu Gang""",,,,,,,, State stop,23
5/14/2017, 10:03:16, 00:14:16,856.949,1.983,37.07," ""FocalAnimal_M-An An"""," ""LogFocalAnimal_M-An An 20170514_094859.csv"""," ""M-An An"""," ""Locomote"""," ""M-Wu Gang""",,,,,,,, State start,23
5/14/2017, 10:03:53, 00:14:54,894.019,0,0," ""FocalAnimal_M-An An"""," ""LogFocalAnimal_M-An An 20170514_094859.csv"""," ""M-An An"""," ""Locomote"""," ""M-Wu Gang""",,,,,,,, State stop,23
5/14/2017, 10:03:53, 00:14:54,894.019,1.216,7.8," ""FocalAnimal_M-An An"""," ""LogFocalAnimal_M-An An 20170514_094859.csv"""," ""M-An An"""," ""Defecate"""," ""M-Wu Gang""",,,,,,,, State start,23
5/14/2017, 10:04:01, 00:15:01,901.819,0,0," ""FocalAnimal_M-An An"""," ""LogFocalAnimal_M-An An 20170514_094859.csv"""," ""M-An An"""," ""Defecate"""," ""M-Wu Gang""",,,,,,,, State stop,23
5/14/2017, 10:04:01, 00:15:01,901.819,3.868,10.585," ""FocalAnimal_M-An An"""," ""LogFocalAnimal_M-An An 20170514_094859.csv"""," ""M-An An"""," ""Locomote"""," ""0-Nondirected""",,,,,,,, State start,23
5/14/2017, 10:04:11, 00:15:12,912.404,0,0," ""FocalAnimal_M-An An"""," ""LogFocalAnimal_M-An An 20170514_094859.csv"""," ""M-An An"""," ""Locomote"""," ""0-Nondirected""",,,,,,,, State stop,23
5/14/2017, 10:04:11, 00:15:12,912.404,1.816,81.49," ""FocalAnimal_M-An An"""," ""LogFocalAnimal_M-An An 20170514_094859.csv"""," ""M-An An"""," ""Stationary alert"""," ""0-Nondirected""",,,,,,,, State start,23
5/14/2017, 10:04:41, 00:15:42,942.523,1.35,51.37," ""FocalAnimal_M-An An"""," ""LogFocalAnimal_M-An An 20170514_094859.csv"""," ""M-An An"""," ""Olfactory investigate"""," ""0-Nondirected""",,,,,,,, State start,23
5/14/2017, 10:04:49, 00:15:49,949.907,1.434,0," ""FocalAnimal_M-An An"""," ""LogFocalAnimal_M-An An 20170514_094859.csv"""," ""M-An An"""," ""Lick"""," ""0-Nondirected""",,,,,,,, Point,23
5/14/2017, 10:05:04, 00:16:05,965.258,1.867,0," ""FocalAnimal_M-An An"""," ""LogFocalAnimal_M-An An 20170514_094859.csv"""," ""M-An An"""," ""Lick"""," ""0-Nondirected""",,,,,,,, Point,23
5/14/2017, 10:05:10, 00:16:11,971.009,1.7,0," ""FocalAnimal_M-An An"""," ""LogFocalAnimal_M-An An 20170514_094859.csv"""," ""M-An An"""," ""Lick"""," ""0-Nondirected""",,,,,,,, Point,23
5/14/2017, 10:05:33, 00:16:33,993.893,0,0," ""FocalAnimal_M-An An"""," ""LogFocalAnimal_M-An An 20170514_094859.csv"""," ""M-An An"""," ""Stationary alert"""," ""0-Nondirected""",,,,,,,, State stop,23
5/14/2017, 10:05:33, 00:16:33,993.893,0,0," ""FocalAnimal_M-An An"""," ""LogFocalAnimal_M-An An 20170514_094859.csv"""," ""M-An An"""," ""Olfactory investigate"""," ""0-Nondirected""",,,,,,,, State stop,23
5/14/2017, 10:05:33, 00:16:33,993.893,1.783,366.698," ""FocalAnimal_M-An An"""," ""LogFocalAnimal_M-An An 20170514_094859.csv"""," ""M-An An"""," ""Resting"""," ""0-Nondirected""",,,,,,,, State start,23
5/14/2017, 10:11:40, 00:22:40,1360.592,0,0," ""FocalAnimal_M-An An"""," ""LogFocalAnimal_M-An An 20170514_094859.csv"""," ""M-An An"""," ""Resting"""," ""0-Nondirected""",,,,,,,, State stop,23
5/14/2017, 10:11:40, 00:22:40,1360.592,0.916,19.651," ""FocalAnimal_M-An An"""," ""LogFocalAnimal_M-An An 20170514_094859.csv"""," ""M-An An"""," ""Locomote"""," ""0-Nondirected""",,,,,,,, State start,23
5/14/2017, 10:11:51, 00:22:51,1371.992,1.017,0," ""FocalAnimal_M-An An"""," ""LogFocalAnimal_M-An An 20170514_094859.csv"""," ""M-An An"""," ""Foot scrape"""," ""0-Nondirected""",,,,,,,, Point,23
5/14/2017, 10:11:59, 00:23:00,1380.243,0,0," ""FocalAnimal_M-An An"""," ""LogFocalAnimal_M-An An 20170514_094859.csv"""," ""M-An An"""," ""Locomote"""," ""0-Nondirected""",,,,,,,, State stop,23
5/14/2017, 10:11:59, 00:23:00,1380.243,1.167,73.69," ""FocalAnimal_M-An An"""," ""LogFocalAnimal_M-An An 20170514_094859.csv"""," ""M-An An"""," ""Locomote"""," ""M-Wu Gang""",,,,,,,, State start,23
5/14/2017, 10:12:03, 00:23:03,1383.694,1.633,70.24," ""FocalAnimal_M-An An"""," ""LogFocalAnimal_M-An An 20170514_094859.csv"""," ""M-An An"""," ""Olfactory investigate"""," ""M-Wu Gang""",,,,,,,, State start,23
5/14/2017, 10:12:19, 00:23:19,1399.762,1.067,54.172," ""FocalAnimal_M-An An"""," ""LogFocalAnimal_M-An An 20170514_094859.csv"""," ""M-An An"""," ""Body length <1"""," ""M-Wu Gang""",,,,,,,, State start,23
5/14/2017, 10:12:25, 00:23:25,1405.946,0.95,47.988," ""FocalAnimal_M-An An"""," ""LogFocalAnimal_M-An An 20170514_094859.csv"""," ""M-An An"""," ""Show interest"""," ""M-Wu Gang""",,,,,,,, State start,23
5/14/2017, 10:12:48, 00:23:48,1428.964,1.5,24.969," ""FocalAnimal_M-An An"""," ""LogFocalAnimal_M-An An 20170514_094859.csv"""," ""M-An An"""," ""Olfactory investigate"""," ""M-Wu Gang""",,,,,,,, State start,23
5/14/2017, 10:13:03, 00:24:04,1444.533,0.282,355.467," ""FocalAnimal_M-An An"""," ""LogFocalAnimal_M-An An 20170514_094859.csv"""," ""M-An An"""," ""1-End state""",,,,,,,,, State start,23
5/14/2017, 10:13:13, 00:24:13,1453.933,0,0," ""FocalAnimal_M-An An"""," ""LogFocalAnimal_M-An An 20170514_094859.csv"""," ""M-An An"""," ""Locomote"""," ""M-Wu Gang""",,,,,,,, State stop,23
5/14/2017, 10:13:13, 00:24:13,1453.933,0,0," ""FocalAnimal_M-An An"""," ""LogFocalAnimal_M-An An 20170514_094859.csv"""," ""M-An An"""," ""Olfactory investigate"""," ""M-Wu Gang""",,,,,,,, State stop,23
5/14/2017, 10:13:13, 00:24:13,1453.933,0,0," ""FocalAnimal_M-An An"""," ""LogFocalAnimal_M-An An 20170514_094859.csv"""," ""M-An An"""," ""Body length <1"""," ""M-Wu Gang""",,,,,,,, State stop,23
5/14/2017, 10:13:13, 00:24:13,1453.933,0,0," ""FocalAnimal_M-An An"""," ""LogFocalAnimal_M-An An 20170514_094859.csv"""," ""M-An An"""," ""Show interest"""," ""M-Wu Gang""",,,,,,,, State stop,23
5/14/2017, 10:13:13, 00:24:13,1453.933,0,0," ""FocalAnimal_M-An An"""," ""LogFocalAnimal_M-An An 20170514_094859.csv"""," ""M-An An"""," ""Olfactory investigate"""," ""M-Wu Gang""",,,,,,,, State stop,23
5/14/2017, 10:13:13, 00:24:13,1453.933,1.366,35.836," ""FocalAnimal_M-An An"""," ""LogFocalAnimal_M-An An 20170514_094859.csv"""," ""M-An An"""," ""Locomote"""," ""M-Wu Gang""",,,,,,,, State start,23
5/14/2017, 10:13:18, 00:24:18,1458.817,4.434,30.953," ""FocalAnimal_M-An An"""," ""LogFocalAnimal_M-An An 20170514_094859.csv"""," ""M-An An"""," ""Body length <1"""," ""M-Wu Gang""",,,,,,,, State start,23
5/14/2017, 10:13:36, 00:24:37,1477.551,1.302,12.218," ""FocalAnimal_M-An An"""," ""LogFocalAnimal_M-An An 20170514_094859.csv"""," ""M-An An"""," ""Show interest"""," ""M-Wu Gang""",,,,,,,, State start,23
5/14/2017, 10:13:46, 00:24:46,1486.768,1.367,0," ""FocalAnimal_M-An An"""," ""LogFocalAnimal_M-An An 20170514_094859.csv"""," ""M-An An"""," ""Lick"""," ""M-Wu Gang""",,,,,,,, Point,23
5/14/2017, 10:13:48, 00:24:48,1488.703,0.35,311.297," ""FocalAnimal_M-An An"""," ""LogFocalAnimal_M-An An 20170514_094859.csv"""," ""M-An An"""," ""1-End state""",,,,,,,,, State start,23
5/14/2017, 10:13:49, 00:24:49,1489.77,0,0," ""FocalAnimal_M-An An"""," ""LogFocalAnimal_M-An An 20170514_094859.csv"""," ""M-An An"""," ""Locomote"""," ""M-Wu Gang""",,,,,,,, State stop,23
5/14/2017, 10:13:49, 00:24:49,1489.77,0,0," ""FocalAnimal_M-An An"""," ""LogFocalAnimal_M-An An 20170514_094859.csv"""," ""M-An An"""," ""Body length <1"""," ""M-Wu Gang""",,,,,,,, State stop,23
5/14/2017, 10:13:49, 00:24:49,1489.77,0,0," ""FocalAnimal_M-An An"""," ""LogFocalAnimal_M-An An 20170514_094859.csv"""," ""M-An An"""," ""Show interest"""," ""M-Wu Gang""",,,,,,,, State stop,23
5/14/2017, 10:13:49, 00:24:49,1489.77,1.049,23.002," ""FocalAnimal_M-An An"""," ""LogFocalAnimal_M-An An 20170514_094859.csv"""," ""M-An An"""," ""Locomote"""," ""M-Wu Gang""",,,,,,,, State start,23
5/14/2017, 10:14:12, 00:25:12,1512.772,0,0," ""FocalAnimal_M-An An"""," ""LogFocalAnimal_M-An An 20170514_094859.csv"""," ""M-An An"""," ""Locomote"""," ""M-Wu Gang""",,,,,,,, State stop,23
5/14/2017, 10:14:12, 00:25:12,1512.772,1.182,8.169," ""FocalAnimal_M-An An"""," ""LogFocalAnimal_M-An An 20170514_094859.csv"""," ""M-An An"""," ""Locomote"""," ""0-Nondirected""",,,,,,,, State start,23
5/14/2017, 10:14:20, 00:25:20,1520.94,0,0," ""FocalAnimal_M-An An"""," ""LogFocalAnimal_M-An An 20170514_094859.csv"""," ""M-An An"""," ""Locomote"""," ""0-Nondirected""",,,,,,,, State stop,23
5/14/2017, 10:14:20, 00:25:20,1520.94,0.912,21.193," ""FocalAnimal_M-An An"""," ""LogFocalAnimal_M-An An 20170514_094859.csv"""," ""M-An An"""," ""Stationary alert"""," ""0-Nondirected""",,,,,,,, State start,23
5/14/2017, 10:14:41, 00:25:42,1542.133,0,0," ""FocalAnimal_M-An An"""," ""LogFocalAnimal_M-An An 20170514_094859.csv"""," ""M-An An"""," ""Stationary alert"""," ""0-Nondirected""",,,,,,,, State stop,23
5/14/2017, 10:14:41, 00:25:42,1542.133,0.884,6.752," ""FocalAnimal_M-An An"""," ""LogFocalAnimal_M-An An 20170514_094859.csv"""," ""M-An An"""," ""Locomote"""," ""0-Nondirected""",,,,,,,, State start,23
5/14/2017, 10:14:48, 00:25:48,1548.885,0,0," ""FocalAnimal_M-An An"""," ""LogFocalAnimal_M-An An 20170514_094859.csv"""," ""M-An An"""," ""Locomote"""," ""0-Nondirected""",,,,,,,, State stop,23
5/14/2017, 10:14:48, 00:25:48,1548.885,1.283,86.074," ""FocalAnimal_M-An An"""," ""LogFocalAnimal_M-An An 20170514_094859.csv"""," ""M-An An"""," ""Stationary alert"""," ""0-Nondirected""",,,,,,,, State start,23
5/14/2017, 10:16:14, 00:27:14,1634.958,0,0," ""FocalAnimal_M-An An"""," ""LogFocalAnimal_M-An An 20170514_094859.csv"""," ""M-An An"""," ""Stationary alert"""," ""0-Nondirected""",,,,,,,, State stop,23
5/14/2017, 10:16:14, 00:27:14,1634.958,1.467,11.001," ""FocalAnimal_M-An An"""," ""LogFocalAnimal_M-An An 20170514_094859.csv"""," ""M-An An"""," ""Locomote"""," ""M-Wu Gang""",,,,,,,, State start,23
5/14/2017, 10:16:25, 00:27:25,1645.959,0,0," ""FocalAnimal_M-An An"""," ""LogFocalAnimal_M-An An 20170514_094859.csv"""," ""M-An An"""," ""Locomote"""," ""M-Wu Gang""",,,,,,,, State stop,23
5/14/2017, 10:16:25, 00:27:25,1645.959,1.25,47.221," ""FocalAnimal_M-An An"""," ""LogFocalAnimal_M-An An 20170514_094859.csv"""," ""M-An An"""," ""Stationary alert"""," ""M-Wu Gang""",,,,,,,, State start,23
5/14/2017, 10:16:30, 00:27:30,1650.826,1.816,42.353," ""FocalAnimal_M-An An"""," ""LogFocalAnimal_M-An An 20170514_094859.csv"""," ""M-An An"""," ""Body length <1"""," ""M-Wu Gang""",,,,,,,, State start,23
5/14/2017, 10:16:35, 00:27:36,1656.427,0.883,36.753," ""FocalAnimal_M-An An"""," ""LogFocalAnimal_M-An An 20170514_094859.csv"""," ""M-An An"""," ""Show interest"""," ""M-Wu Gang""",,,,,,,, State start,23
5/14/2017, 10:16:56, 00:27:57,1677.411,1.567,0," ""FocalAnimal_M-An An"""," ""LogFocalAnimal_M-An An 20170514_094859.csv"""," ""M-An An"""," ""Moan"""," ""M-Wu Gang""",,,,,,,, Point,23
5/14/2017, 10:17:01, 00:28:02,1682.445,0.233,117.555," ""FocalAnimal_M-An An"""," ""LogFocalAnimal_M-An An 20170514_094859.csv"""," ""M-An An"""," ""1-End state""",,,,,,,,, State start,23
5/14/2017, 10:17:12, 00:28:13,1693.18,0,0," ""FocalAnimal_M-An An"""," ""LogFocalAnimal_M-An An 20170514_094859.csv"""," ""M-An An"""," ""Stationary alert"""," ""M-Wu Gang""",,,,,,,, State stop,23
5/14/2017, 10:17:12, 00:28:13,1693.18,0,0," ""FocalAnimal_M-An An"""," ""LogFocalAnimal_M-An An 20170514_094859.csv"""," ""M-An An"""," ""Body length <1"""," ""M-Wu Gang""",,,,,,,, State stop,23
5/14/2017, 10:17:12, 00:28:13,1693.18,0,0," ""FocalAnimal_M-An An"""," ""LogFocalAnimal_M-An An 20170514_094859.csv"""," ""M-An An"""," ""Show interest"""," ""M-Wu Gang""",,,,,,,, State stop,23
5/14/2017, 10:17:12, 00:28:13,1693.18,1.05,49.221," ""FocalAnimal_M-An An"""," ""LogFocalAnimal_M-An An 20170514_094859.csv"""," ""M-An An"""," ""Stationary alert"""," ""M-Wu Gang""",,,,,,,, State start,23
5/14/2017, 10:17:49, 00:28:50,1730.216,2.766,0," ""FocalAnimal_M-An An"""," ""LogFocalAnimal_M-An An 20170514_094859.csv"""," ""M-An An"""," ""Foot scrape"""," ""M-Wu Gang""",,,,,,,, Point,23
5/14/2017, 10:17:55, 00:28:55,1735.9,1.1,6.501," ""FocalAnimal_M-An An"""," ""LogFocalAnimal_M-An An 20170514_094859.csv"""," ""M-An An"""," ""Olfactory investigate"""," ""M-Wu Gang""",,,,,,,, State start,23
5/14/2017, 10:18:01, 00:29:02,1742.4,0,0," ""FocalAnimal_M-An An"""," ""LogFocalAnimal_M-An An 20170514_094859.csv"""," ""M-An An"""," ""Stationary alert"""," ""M-Wu Gang""",,,,,,,, State stop,23
5/14/2017, 10:18:01, 00:29:02,1742.4,0,0," ""FocalAnimal_M-An An"""," ""LogFocalAnimal_M-An An 20170514_094859.csv"""," ""M-An An"""," ""Olfactory investigate"""," ""M-Wu Gang""",,,,,,,, State stop,23
5/14/2017, 10:18:01, 00:29:02,1742.4,2.767,16.802," ""FocalAnimal_M-An An"""," ""LogFocalAnimal_M-An An 20170514_094859.csv"""," ""M-An An"""," ""Defecate"""," ""M-Wu Gang""",,,,,,,, State start,23
5/14/2017, 10:18:18, 00:29:19,1759.203,0,0," ""FocalAnimal_M-An An"""," ""LogFocalAnimal_M-An An 20170514_094859.csv"""," ""M-An An"""," ""Defecate"""," ""M-Wu Gang""",,,,,,,, State stop,23
5/14/2017, 10:18:18, 00:29:19,1759.203,1.583,7.783," ""FocalAnimal_M-An An"""," ""LogFocalAnimal_M-An An 20170514_094859.csv"""," ""M-An An"""," ""Locomote"""," ""M-Wu Gang""",,,,,,,, State start,23
5/14/2017, 10:18:26, 00:29:26,1766.985,0,0," ""FocalAnimal_M-An An"""," ""LogFocalAnimal_M-An An 20170514_094859.csv"""," ""M-An An"""," ""Locomote"""," ""M-Wu Gang""",,,,,,,, State stop,23
5/14/2017, 10:18:26, 00:29:26,1766.985,3.984,10.785," ""FocalAnimal_M-An An"""," ""LogFocalAnimal_M-An An 20170514_094859.csv"""," ""M-An An"""," ""Stationary alert"""," ""M-Wu Gang""",,,,,,,, State start,23
5/14/2017, 10:18:37, 00:29:37,1777.771,0,0," ""FocalAnimal_M-An An"""," ""LogFocalAnimal_M-An An 20170514_094859.csv"""," ""M-An An"""," ""Stationary alert"""," ""M-Wu Gang""",,,,,,,, State stop,23
5/14/2017, 10:18:37, 00:29:37,1777.771,1.716,22.229," ""FocalAnimal_M-An An"""," ""LogFocalAnimal_M-An An 20170514_094859.csv"""," ""M-An An"""," ""Locomote"""," ""M-Wu Gang""",,,,,,,, State start,23
5/14/2017, 10:18:59, 00:30:00,1800,0,0," ""FocalAnimal_M-An An"""," ""LogFocalAnimal_M-An An 20170514_094859.csv"""," ""M-An An"""," ""1-End state""",,,,,,,,, State stop,23
5/14/2017, 10:18:59, 00:30:00,1800,0,0," ""FocalAnimal_M-An An"""," ""LogFocalAnimal_M-An An 20170514_094859.csv"""," ""M-An An"""," ""1-End state""",,,,,,,,, State stop,23
5/14/2017, 10:18:59, 00:30:00,1800,0,0," ""FocalAnimal_M-An An"""," ""LogFocalAnimal_M-An An 20170514_094859.csv"""," ""M-An An"""," ""1-End state""",,,,,,,,, State stop,23
5/14/2017, 10:18:59, 00:30:00,1800,0,0," ""FocalAnimal_M-An An"""," ""LogFocalAnimal_M-An An 20170514_094859.csv"""," ""M-An An"""," ""Locomote"""," ""M-Wu Gang""",,,,,,,, State stop,23
